Institution,Location,Entry,Code,Record
Academy at Palumbo,PA/US,Semmel & Cutrone,Academy at Palumbo SC,
Acton-Boxborough,MA/US,Shang & Ebbin,Acton-Boxborough ES,
Acton-Boxborough,MA/US,Eadala & Kozlov,Acton-Boxborough KE,
Acton-Boxborough,MA/US,Misro & Ji,Acton-Boxborough MJ,
Acton-Boxborough,MA/US,Narra & Shroff,Acton-Boxborough NS,
Acton-Boxborough,MA/US,Senani & Vatsa,Acton-Boxborough VS,
Acton-Boxborough,MA/US,Gupta & Wu,Acton-Boxborough WG,
Avenues: The World,NY/US,Brashear & Chen,Avenues: The World CB,
Avenues: The World,NY/US,Jacques & Yi,Avenues: The World JY,
Awty International,TX/US,Zhao & Xu,Awty International XZ,
Bergen County Academies,NJ/US,Kashyap & Watanabe,Bergen County Academies WK,
Bronx Science,NY/US,Greenberg & Mattoo,Bronx Science GM,
Bronx Science,NY/US,Lin & Pathak Mehta,Bronx Science PL,
Brooklyn Technical,NY/US,Budin & Dobran,Brooklyn Technical  D,
Brooklyn Technical,NY/US,Kakumanu & Urban,Brooklyn Technical KU,
Brooklyn Technical,NY/US,Persad & Kenneally,Brooklyn Technical PK,
Brooklyn Technical,NY/US,Sauer & Banner,Brooklyn Technical SB,
Brooklyn Technical,NY/US,Zhang & Sharma,Brooklyn Technical ZS,
Byram Hills,NY/US,Dantu & Ghelarducci,Byram Hills DG,
Byram Hills,NY/US,Weil & Chowallur,Byram Hills WC,
Canyon Crest,CA/US,Shi & Rupareliya,Canyon Crest SR,
Carrollton,GA/US,Stuart & Aggarwal,Carrollton AS,
Carrollton,GA/US,Pace & Berg,Carrollton BP,
Carrollton,GA/US,Long & Neill,Carrollton LN,
Carrollton,GA/US,Quinonez & Brodsky,Carrollton QB,
Carrollton,GA/US,Yancey & Walker,Carrollton WY,
Cary Acad,NC/US,McSwain & Bolt,Cary Acad BM,
Collegiate,NY/US,Kulman & Warner,Collegiate KW,
Collegiate,NY/US,Palmer & Xu,Collegiate PX,
Collegiate,NY/US,Srivastava & Uribe,Collegiate SU,
CR North,PA/US,Kapure & Vatsya,CR North KV,
CR North,PA/US,Ye & Kulshrestha,CR North KY,
Delbarton,NJ/US,Xu & Aiello,Delbarton AX,
Delbarton,NJ/US,Dufner & White,Delbarton DW,
Delbarton,NJ/US,Sardar & Hosler,Delbarton HS,
Delbarton,NJ/US,Kapp & Leidl,Delbarton LK,
Delbarton,NJ/US,Ross & Wyso,Delbarton RW,
Delbarton,NJ/US,Thomas & Thomas,Delbarton TT,
Emerald,CA/US,Agarwal & Gabada,Emerald GA,
Emerald,CA/US,Karur-Parekh & Gairola,Emerald KG,
Fairmont Prep,CA/US,Harrison & Li,Fairmont Prep HL,
Fairmont Prep,CA/US,Ji & Patel,Fairmont Prep JP,
Fairmont Prep,CA/US,Lunde & Shah,Fairmont Prep LS,
Fairmont Prep,CA/US,Ngo & Park,Fairmont Prep NP,
Fairmont Prep,CA/US,Patel & Patel,Fairmont Prep PP,
Fairmont Prep,CA/US,Tsai & Kang,Fairmont Prep TK,
Friends School of Baltimore,MD/US,Hair-Ralston & Kurlantzick,Friends School of Baltimore KH,
Friends School of Baltimore,MD/US,Shields & Kirk,Friends School of Baltimore KS,
George Washington,CO/US,Duffy & Holguin,George Washington DH,
George Washington,CO/US,Chenard & Sheehan,George Washington SC,
George Washington,CO/US,Stout & Sheehan,George Washington SS,
George Washington,CO/US,Sawyer & Yaakobi,George Washington YS,
Grace Church,NY/US,Scurlock & Valazzi,Grace Church SV,
Grace Church,NY/US,Chin & Tanjga,Grace Church TC,
Greene School -,FL/US,Gronberg & Sprayregen,Greene School - GS,
Gulliver Prep,FL/US,Ishoof & Santoyo Geijo,Gulliver Prep IS,
Hill,PA/US,Hu & Huang,Hill HH,
Horace Greeley,NY/US,Conrad & Peacock,Horace Greeley CP,
Horace Greeley,NY/US,O'Hara & Shah,Horace Greeley SO,
Horace Mann,NY/US,Chang & Yao,Horace Mann CY,
Horace Mann,NY/US,Pinchuk & Ergin,Horace Mann EP,
Horace Mann,NY/US,Mandelli-Valla & Park,Horace Mann MP,
Horace Mann,NY/US,Pande & Subramanian,Horace Mann PS,
Horace Mann,NY/US,Porres & Scheinfeld,Horace Mann SP,
Horace Mann,NY/US,Venkateswaran & Krikorian,Horace Mann VK,
HS of American Studies,NY/US,Brindle-Khym & Brittelle,HS of American Studies BB,
HS of American Studies,NY/US,Dillon-Eirich & Boon-Bordenave,HS of American Studies BD,
HS of American Studies,NY/US,Esparza & Caswell,HS of American Studies EC,
HS of American Studies,NY/US,Hardouin & Kolaj,HS of American Studies KH,
HS of American Studies,NY/US,Metzner & Liu,HS of American Studies LM,
HS of American Studies,NY/US,Coleman & Mendez,HS of American Studies MC,
Hunter,NY/US,Arora & Shah,Hunter AS,
Hunter,NY/US,Chisholm & Deng,Hunter CD,
Hunter,NY/US,Rodriguez & Snodgrass,Hunter RS,
Hunter,NY/US,Sandu & Schonfeld,Hunter SS,
Hunter,NY/US,Urena-Bernabel & Yeh,Hunter UY,
Hunter,NY/US,Wan & Turner-Walkowitz,Hunter WT,
Isidore Newman,LA/US,Drew & Breaux,Isidore Newman DB,
JR Masterman,PA/US,Albert & Samara-Reuter,JR Masterman AS,
JR Masterman,PA/US,Kelberg-Gross & Kelberg-Gross,JR Masterman KK,
Langley,VA/US,Killian & Shi,Langley SK,
Lawrenceville,NJ/US,Agarwal & Lee,Lawrenceville AL,
Lawrenceville,NJ/US,Chidambaram & Miao,Lawrenceville CM,
Lexington,MA/US,Biswas & Do,Lexington BD,
Lexington,MA/US,Hassan & Hosamani,Lexington HH,
Lexington,MA/US,Kasi & Roy,Lexington KR,
Lexington,MA/US,Li & Xia,Lexington LX,
Lexington,MA/US,Sethi & Ma,Lexington SM,
Lincoln-Sudbury,MA/US,Chen & Rani,Lincoln-Sudbury CR,
Lincoln-Sudbury,MA/US,Khan & Ayala,Lincoln-Sudbury KA,
Livingston,NJ/US,Ganesh & Govindsamy,Livingston GG,
Livingston,NJ/US,Nistala & Tripathi,Livingston TN,
Maret,DC/US,Armstrong & don,Maret AD,
Maret,DC/US,Das & Gordon,Maret GD,
Maret,DC/US,Hernandez & Lee,Maret LH,
Maret,DC/US,Thakkar & Russo,Maret TR,
Marist,GA/US,Crunk & Findley,Marist CF,
Marist,GA/US,Scherrer & Thakur,Marist ST,
McLean,VA/US,Kim & Zou,McLean KZ,
McLean,VA/US,Cai & Liu,McLean LC,
McLean,VA/US,Lee & Nguyen,McLean LN,
McLean,VA/US,Sandhu & Vazquez,McLean SV,
McLean,VA/US,Sandhu & Zhao,McLean SZ,
McLean,VA/US,Wibowo & Sheng,McLean WS,
Millburn,NJ/US,Sinha & Kapur,Millburn SK,
Millburn,NJ/US,Xia & Sinha,Millburn XS,
Molloy,NY/US,Contreras & Lukose,Molloy CL,
Molloy,NY/US,Xiao & Liu,Molloy LX,
Montgomery Blair,MD/US,Awasthi & Shenolikar,Montgomery Blair AS,
Niskayuna,NY/US,Sung & Bao,Niskayuna SB,
Niskayuna,NY/US,Gridley & Sung,Niskayuna SG,
Nueva,CA/US,Alferness & Gupta,Nueva AG,
Nueva,CA/US,D'Agostino & Zhang,Nueva DZ,
Nueva,CA/US,McLaughlin & Wojin,Nueva MW,
Nueva,CA/US,Rong & Iyer,Nueva RI,
Nueva,CA/US,Soral & Emanuel,Nueva SE,
Palm Harbor,FL/US,Mrkva & Lawrence,Palm Harbor ML,
Pittsburgh Central Catholic,PA/US,Athanassiou & Gandhi,Pittsburgh Central Catholic GA,
Regis,NY/US,Anderson & Keller,Regis AK,
Regis,NY/US,Augustine & Lauriello,Regis AL,
Regis,NY/US,Cupido Carlorosi & Moszuti,Regis CM,
Regis,NY/US,Charest & O'Sullivan,Regis CO,
Regis,NY/US,Feldman & Picciano,Regis FP,
Regis,NY/US,Liew & Napoli,Regis LN,
Regis,NY/US,Marks & Moreno-Naya,Regis MM,
Regis,NY/US,Pace & Prisament,Regis PP,
Richard Montgomery,MD/US,Chung & Yu,Richard Montgomery CY,
Richard Montgomery,MD/US,Wei & Yuan,Richard Montgomery WY,
Ridge,NJ/US,Bonda & Pyloore,Ridge BP,
Ridge,NJ/US,Ginsberg & Ostapczuk,Ridge GO,
Ridge,NJ/US,Li & Olesnyckyj,Ridge LO,
Ridge,NJ/US,Hira & Potrevu,Ridge PH,
Ridge,NJ/US,Sateeja & Li,Ridge SL,
Ridge,NJ/US,Sharma & Narang,Ridge SN,
Scarsdale,NY/US,Auerbach & Pascutti,Scarsdale AP,
Scarsdale,NY/US,He & Wang,Scarsdale WH,
Scarsdale,NY/US,Chen & Zhu,Scarsdale ZC,
St John's,TX/US,Greenberg & Zhao,St John's GZ,
Strake Jesuit College Prep,TX/US,Donovan & Kyle,Strake Jesuit  DK,
Strake Jesuit College Prep,TX/US,Hablinski & Li,Strake Jesuit  HL,
Strake Jesuit College Prep,TX/US,Hadi & Kirichenko,Strake Jesuit  KH,
Strake Jesuit College Prep,TX/US,Castillo & Magon,Strake Jesuit  MC,
Strake Jesuit College Prep,TX/US,Stratton & Murthy,Strake Jesuit  SM,
Strake Jesuit College Prep,TX/US,Sadare & Saini,Strake Jesuit  SS,
Strake Jesuit College Prep,TX/US,Wan & Ngo,Strake Jesuit  WN,
Strath Haven,PA/US,Dudley & Foster,Strath Haven DF,
Strath Haven,PA/US,Li & Zhang,Strath Haven LZ,
Stuyvesant,NY/US,Bovenzi & Devery Michaelson,Stuyvesant BD,
Stuyvesant,NY/US,Gelman & Mahim,Stuyvesant GM,
Stuyvesant,NY/US,Harrington & Rajda,Stuyvesant HR,
Stuyvesant,NY/US,Kong & Kaushal,Stuyvesant KK,
Stuyvesant,NY/US,Li & Binyaminov,Stuyvesant LB,
Stuyvesant,NY/US,Massim & Silakov,Stuyvesant SM,
Success Academy HSLA-MANHATTAN,NY/US,Innes & Almanzar,Success Academy HSLA-MANHATTAN AI,
Success Academy HSLA-MANHATTAN,NY/US,Iqra & Allison,Success Academy HSLA-MANHATTAN IA,
Success Academy HSLA-MANHATTAN,NY/US,Mckenzie & Mabry,Success Academy HSLA-MANHATTAN MM,
Summit,NJ/US,Liang & Davies,Summit LD,
Summit,NJ/US,Zarro & Borkar,Summit ZB,
Syosset,NY/US,Meng & Zhao,Syosset MZ,
Syosset,NY/US,Sahu & Li,Syosset SL,
Townsend Harris,NY/US,Lianos & Roth,Townsend Harris LR,
Townsend Harris,NY/US,Medage & Mendonca,Townsend Harris MM,
Townsend Harris,NY/US,Miketa-Garcia & Pavone,Townsend Harris MP,
Townsend Harris,NY/US,Nozaki & Noor,Townsend Harris NN,
Trinity,NY/US,Achuthan & Spitzer,Trinity AS,
Trinity,NY/US,Jackson & Husain,Trinity HJ,
Trinity,NY/US,Li & Chen,Trinity LC,
Trinity,NY/US,Masella & Chiang,Trinity MC,
Trinity,NY/US,Wagner & Watts,Trinity WW,
Unionville,PA/US,Chen & Fan,Unionville CF,
Unionville,PA/US,Mohapatra & Cai,Unionville MC,
West Windsor Plainsboro South,NJ/US,Waikul & Gupta,West Windsor Plainsboro South GW,
West Windsor Plainsboro South,NJ/US,Harish & Telang,West Windsor Plainsboro South HT,
West Windsor Plainsboro South,NJ/US,Kandukuri & Srinivasan,West Windsor Plainsboro South KS,
West Windsor Plainsboro South,NJ/US,Nurullayeva & Katyal,West Windsor Plainsboro South NK,
West Windsor Plainsboro South,NJ/US,Nerkar & Rangaraju,West Windsor Plainsboro South RN,
Wheatley,NY/US,Ginu & Mahajan,Wheatley GM,
Wheatley,NY/US,Wong & Cai,Wheatley WC,