Institution,Location,Entry,Code,Record
Berkeley Carroll,NY/US,Hirsch & Moody,Berkeley Carroll HM,
Bronx Science,NY/US,Alpert & Cohen,Bronx Science AC,
Bronx Science,NY/US,Appelbaum & Moy,Bronx Science AM,
Bronx Science,NY/US,Auth & Campbell,Bronx Science AuCa,
Bronx Science,NY/US,Buchalter & Makino Siller,Bronx Science BM,
Bronx Science,NY/US,Emery & Akella,Bronx Science EA,
Bronx Science,NY/US,Ginsberg & Misra,Bronx Science GM,
Bronx Science,NY/US,Greenberg & Mattoo,Bronx Science GrMa,
Bronx Science,NY/US,Jones & Mahase,Bronx Science JM,
Bronx Science,NY/US,Qin & Nu,Bronx Science QN,
Bronx Science,NY/US,Sweet & Vora,Bronx Science SV,
Byram Hills,NY/US,Bobra & Tardieu,Byram Hills BT,
Byram Hills,NY/US,Cai & Coady,Byram Hills CC,
Byram Hills,NY/US,Gish & Contreras,Byram Hills GC,
Central,PA/US,Adjepong & Pirok,Central AP,
Central,PA/US,Chen & Liang,Central CL,
Central,PA/US,Geffen & Pierce,Central GP,
Central,PA/US,Hanes & Pirok,Central HP,
Charter School of Wilmington,DE/US,Choubey & Wolverton,Charter School of Wilmington CW,
CR North,PA/US,Acereda & Haroon,CR North AH,
CR North,PA/US,Acereda & Xiao,CR North AX,
CR North,PA/US,DiCicco & Patel,CR North DP,
CR North,PA/US,Kapure & Vatsya,CR North KV,
CR North,PA/US,Kulshrestha & Ye,CR North KY,
CR North,PA/US,Luce & Jain,CR North LJ,
CR North,PA/US,Peng & Rozinsky,CR North PR,
CR North,PA/US,Sitapara & Seto-Basse,CR North SS,
Delbarton,NJ/US,Dufner & Qiao,Delbarton DQ,
Delbarton,NJ/US,Hosler & Sardar,Delbarton HS,
Delbarton,NJ/US,Thomas & Thomas,Delbarton TT,
Garnet Valley,PA/US,Rux & Sridhar,Garnet Valley RS,
Germantown Friends,PA/US,Chen & Ho,Germantown Friends CH,
Germantown Friends,PA/US,Chen & Kim,Germantown Friends CK,
Germantown Friends,PA/US,Ding & Chen,Germantown Friends DC,
Germantown Friends,PA/US,Noel & Chau,Germantown Friends NC,
Germantown Friends,PA/US,Park & Xu,Germantown Friends PX,
Germantown Friends,PA/US,Quiroz & Kennedy,Germantown Friends QK,
Germantown Friends,PA/US,Zhong & Sethu,Germantown Friends ZS,
Horace Mann,NY/US,Chang & Yao,Horace Mann CY,
Horace Mann,NY/US,Ergin & Wang,Horace Mann EW,
Horace Mann,NY/US,Mandelli-Valla & Park,Horace Mann MP,
Horace Mann,NY/US,Park & Ji,Horace Mann PJ,
Horace Mann,NY/US,Porres & Sun,Horace Mann PoSu,
Horace Mann,NY/US,Scheinfeld & Pande,Horace Mann PS,
Horace Mann,NY/US,Subramanian & Pinchuk,Horace Mann SP,
Hunter,NY/US,Arora & Shah,Hunter AS,
Hunter,NY/US,Hurwitz & Pravda,Hunter PH,
Hunter,NY/US,Tsung & Burton,Hunter TB,
Hunter,NY/US,Urena-Bernabel & Yeh,Hunter UY,
Hunter,NY/US,Wan & Turner-Walkowitz,Hunter WT,
Jackson-Reed,DC/US,Braga & Farrell,Jackson-Reed BF,
Jackson-Reed,DC/US,Jacobson & Segal,Jackson-Reed JS,
Jackson-Reed,DC/US,Reed & Clark,Jackson-Reed RC,
JR Masterman,PA/US,Albert & Samara-Reuter,JR Masterman AS,
JR Masterman,PA/US,Dhiamandi & Gada,JR Masterman DG,
JR Masterman,PA/US,Kelberg-Gross & Kelberg-Gross,JR Masterman KK,
McLean,VA/US,Cai & Liu,McLean LC,
McLean,VA/US,Zhao & Hu,McLean ZH,
McLean,VA/US,Kim & Zou,McLean ZK,
Millburn,NJ/US,Sinha & Kapur,Millburn SK,
Millburn,NJ/US,Sinha & Xia,Millburn SX,
Molloy,NY/US,Lombardo & Xiao,Molloy LX,
Northeast,PA/US,Karim & Zhang,Northeast KZ,
Potomac,VA/US,Haque & Wolff,Potomac HW,
Potomac,VA/US,Kostrov & Abraham,Potomac KA,
Potomac,VA/US,Mankovsky & Shanmugam,Potomac MS,
Potomac,VA/US,O'Connell & Lumm,Potomac OL,
Potomac,VA/US,Phelps & Abraham,Potomac PA,
Potomac,VA/US,Staver & Leonardo,Potomac SL,
Regis,NY/US,Anderson & Keller,Regis AK,
Regis,NY/US,Augustine & Lauriello,Regis AL,
Regis,NY/US,Cupido Carlorosi & Moszuti,Regis CM,
Regis,NY/US,Charest & O'Sullivan,Regis CO,
Regis,NY/US,Dominguez & Rodriguez,Regis DR,
Regis,NY/US,Feldman & Picciano,Regis FP,
Regis,NY/US,Liew & Napoli,Regis LN,
Regis,NY/US,Marks & Moreno-Naya,Regis MM,
Regis,NY/US,Napoli & Pace,Regis NP,
Ridge,NJ/US,Bonda & Pyloore,Ridge BP,
Ridge,NJ/US,Mitra & Li,Ridge ML,
Ridge,NJ/US,Narang & Hira,Ridge NH,
Ridge,NJ/US,Sateeja & Ostapczuk,Ridge SO,
Ridge,NJ/US,Sharma & Potrevu,Ridge SP,
Southern Lehigh,PA/US,MacDonald & Markle,Southern Lehigh MM,
Strath Haven,PA/US,Dudley & Foster,Strath Haven DF,
Strath Haven,PA/US,Singh & Zhang,Strath Haven SZ,
Townsend Harris,NY/US,Mendonca & Medage,Townsend Harris MM,
Unionville,PA/US,Chen & Fan,Unionville CF,
Unionville,PA/US,Chopra & Huang,Unionville CH,
Unionville,PA/US,Mohapatra & Cai,Unionville MC,
Unionville,PA/US,Patel & Childs,Unionville PC,
Xavier,NY/US,Eversley & Hoffman,Xavier EH,