Institution,Location,Entry,Code,Status,Record
American Heritage Broward,FL/US,Allain-Tereshchenko & Allain,American Heritage Broward AA,,
American Heritage Broward,FL/US,Shin & Fateev,American Heritage Broward FS,,
American Heritage Broward,FL/US,Nair & Agarwal,American Heritage Broward NA,,
American Heritage Broward,FL/US,Kelegama & Pineda,American Heritage Broward PK,,
American Heritage Palm Beach,FL/US,Dahabra & Jemail,American Heritage Palm Beach DJ,,
American Heritage Palm Beach,FL/US,Howe & Shleifer,American Heritage Palm Beach HS,,
Avenues: The World,NY/US,Brashear & Chen,Avenues: The World CB,,
Avenues: The World,NY/US,Jacques & Yi,Avenues: The World JY,,
Awty International,TX/US,Xu & Zhao,Awty International XZ,,
BASIS Peoria,AZ/US,Ashok & Lohani,BASIS Peoria AL,,
BASIS Peoria,AZ/US,Kusurkar & Cho,BASIS Peoria KC,,
BASIS Phoenix,AZ/US,Grabel & Pehkonen,BASIS Phoenix GP,,
Bettendorf,IA/US,Buntemeyer & Newman,Bettendorf BN,,
Blake,MN/US,Chen & Balachander,Blake CB,,
Blake,MN/US,Padmanabhan & Deng,Blake PD,,
Blake,MN/US,Sosseh & Vora,Blake SV,,
Blake,MN/US,Tenguria & Zhou,Blake ZT,,
Boston Latin,MA/US,Li & Parsi,Boston Latin LP,,
Bronx Science,NY/US,Branch & Isaacs,Bronx Science BI,,
Bronx Science,NY/US,Birman & Koo,Bronx Science BK,,
Bronx Science,NY/US,Comisarow & Croft,Bronx Science CC,,
Bronx Science,NY/US,Tan & Tsao,Bronx Science TT,,
Brophy,AZ/US,Lemieux & Ondrachek,Brophy LO,,
Browning,NY,Brodlieb & Sadowski,Browning BS,,
Campbell Hall,CA/US,Belanoff & Dumontet,Campbell Hall BD,,
Campbell Hall,CA/US,Bart & Kosloff,Campbell Hall BK,,
Campbell Hall,CA/US,Hein-Martin & McCullers,Campbell Hall HM,,
Campbell Hall,CA/US,Venison & Walker,Campbell Hall VW,,
Canyon Crest,CA/US,Najafian & Hu,Canyon Crest NH,,
Canyon Crest,CA/US,Shi & Rupareliya,Canyon Crest SR,,
Christopher Columbus,FL/US,Gell & Gonzalez,Christopher Columbus GG,,
Christopher Columbus,FL/US,Ross & Caram,Christopher Columbus RC,,
College Prep,CA/US,Beamer & Dhillon,College Prep BD,,
College Prep,CA/US,Falk & Kurland,College Prep FK,,
College Prep,CA/US,Hao & Sabnani,College Prep HS,,
Colorado,CO/US,Iyengar & Miller,Colorado MI,,
Delbarton,NJ/US,Leidl & Kapp,Delbarton LK,,
Delbarton,NJ/US,Ross & Wyso,Delbarton RW,,
Dowling Catholic,IA,Raymond & Kirst,Dowling Catholic RK,,
Durham,NC/US,Estigarribia & Spitzer,Durham ES,,
East Ridge,MN/US,Mahajan & Namgung,East Ridge MN,,
Edina,MN/US,Allocco & Gotte,Edina AG,,
Edina,MN/US,Menning & Daggett,Edina MD,,
Edina,MN/US,Ma & Mehta,Edina MM,,
Fairmont Prep,CA/US,Kang & Tsai,Fairmont Prep KT,,
Fairmont Prep,CA/US,Lunde & Shah,Fairmont Prep LS,,
Fairmont Prep,CA/US,Ngo & Park,Fairmont Prep NP,,
Fairmont Prep,CA/US,Patel & Ji,Fairmont Prep PJ,,
Fairmont Prep,CA/US,Patel & Patel,Fairmont Prep PP,,
Fairmont Prep,CA/US,Milik & Seth,Fairmont Prep SM,,
George Washington,CO/US,Holguin & Duffy,George Washington HD,,
Gulliver Prep,FL/US,Hug & Ahluwalia,Gulliver Prep HA,,
Gulliver Prep,FL/US,Ishoof & Santoyo Geijo,Gulliver Prep IS,,
Gulliver Prep,FL/US,Schwartz & Tabatchnik,Gulliver Prep TS,,
Harker,CA/US,Gupta & Vijay,Harker GV,,
Harker,CA/US,Luo & Le,Harker LL,,
Harker,CA/US,Petrova & Pramod,Harker PP,,
Hawken,OH/US,Rotberg & Kislyansky,Hawken RK,,
Head-Royce,CA/US,Bauer-Kahan & Wong,Head-Royce BW,,
Head-Royce,CA/US,Liu & Lee,Head-Royce LL,,
Head-Royce,CA/US,Weiss & Reddy,Head-Royce WR,,
Interlake,WA/US,Ramaswamy & Wu,Interlake RW,,
Interlake,WA/US,Wang & Kim,Interlake WK,,
Interlake,WA/US,Zheng & Wu,Interlake ZW,,
Jasper,TX/US,Harika & Liang,Jasper HL,,
Lake Highland Prep,FL/US,Arain & Ghanem,Lake Highland Prep AG,,
Lakeville North,MN/US,Menon & Usmani,Lakeville North MU,,
Lakeville North,MN/US,Tung & Shao,Lakeville North TS,,
Lakeville North,MN/US,Wells & Kosobud,Lakeville North WK,,
Lakeville South,MN/US,Komlan & Berntson,Lakeville South KB,,
Leland,CA/US,Lee & Jamdar,Leland JL,,
Leland,CA/US,Rao & Madhav,Leland MR,,
Lincoln-Sudbury,MA/US,Ayala & Khan,Lincoln-Sudbury AK,,
Lincoln-Sudbury,MA/US,Chen & Rani,Lincoln-Sudbury CR,,
Loyola,CA/US,Min & Oh,Loyola MO,,
Lynbrook,CA/US,Xiong & Xu,Lynbrook XX,,
Madison West,WI/US,Benish & Bernstein,Madison West BB,,
McDowell,PA/US,Deventhira-Raja & Shankar,McDowell DS,,
McDowell,PA/US,Mohammed & Davidson,McDowell MD,,
McDowell,PA/US,Negron & Rastatter,McDowell NR,,
NSU,FL/US,Lindley & Annese,NSU AL,,
Nueva,CA/US,Emanuel & Soral,Nueva ES,,
Nueva,CA/US,Gupta & Alferness,Nueva GA,,
Nueva,CA/US,Iyer & Rong,Nueva IR,,
Nueva,CA/US,Yang & D'Agostino,Nueva YD,,
Olathe North,KS/US,Karou & Jin,Olathe North JK,,
Penn,IN/US,Doland & Wagner,Penn DW,,
Penn,IN/US,Wolter & Singleton,Penn SW,,
Pittsburgh Central Catholic,PA/US,Gandhi & Athanassiou,Pittsburgh Central Catholic GA,,
Pittsburgh Central Catholic,PA/US,Hunt & Scott,Pittsburgh Central Catholic HS,,
Plano West,TX/US,Chang & Bai,Plano West BC,,
Plano West,TX/US,Zhang & Zhao,Plano West ZZ,,
Ransom Everglades,FL/US,Pena & de Sabrit,Ransom Everglades PD,,
Ransom Everglades,FL/US,Torres & Chinoy,Ransom Everglades TC,,
Ransom Everglades,FL/US,Thurber & Mosse,Ransom Everglades TM,,
Richard Montgomery,MD/US,Chung & Yu,Richard Montgomery CY,,
Richard Montgomery,MD/US,Wei & Yuan,Richard Montgomery WY,,
Saratoga,CA/US,Luo & Tsang,Saratoga LT,,
Seven Lakes,TX/US,Chen & Lin,Seven Lakes CL,,
Seven Lakes,TX/US,Eswar & Meghani,Seven Lakes EM,,
Seven Lakes,TX/US,Otieno & Tran,Seven Lakes OT,,
Seven Lakes,TX/US,Yechuri & Migliavacca,Seven Lakes YM,,
Southlake Carroll,TX/US,Dharani & Tummala,Southlake Carroll DT,,
Southlake Carroll,TX/US,Golla & Wang,Southlake Carroll GW,,
Southlake Carroll,TX/US,Subhash & Tamirisa,Southlake Carroll ST,,
St John's,TX/US,Greenberg & Zhao,St John's GZ,,
St John's,TX/US,Pandya & Kulkarni,St John's PK,,
Strake Jesuit College Prep,TX/US,Castillo & Magon,Strake Jesuit  CM,,
Strake Jesuit College Prep,TX/US,Hablinski & Li,Strake Jesuit  HL,,
Strake Jesuit College Prep,TX/US,Jumalon & Hasan,Strake Jesuit  JH,,
Strake Jesuit College Prep,TX/US,Kirichenko & Hadi,Strake Jesuit  KH,,
Strake Jesuit College Prep,TX/US,Murthy & Stratton,Strake Jesuit  MS,,
Strake Jesuit College Prep,TX/US,Ngo & Wan,Strake Jesuit  NW,,
Taipei American,TW,Aung & Bate Agborsangaya,Taipei American AB,,
Taipei American,TW,Chao & Chen,Taipei American CC,,
Taipei American,TW,Chang & Huang,Taipei American CH,,
Taipei American,TW,Hung & Tsai,Taipei American HT,,
Taipei American,TW,Lee & Lee,Taipei American LL,,
Taipei American,TW,Lin & Zhong,Taipei American ZL,,
Theodore Roosevelt,IA,Chilongo & McIver,Theodore Roosevelt CM,,
Theodore Roosevelt,IA,Magill & Melam,Theodore Roosevelt MM,,
Westwood,TX/US,Guduru & Annamreddy,Westwood AG,,
Westwood,TX/US,Kennedy & Lim,Westwood KL,,
Westwood,TX/US,Shah & Patil,Westwood PS,,
Westwood,TX/US,Xu & Tran,Westwood TX,,
William Fremd,IL/US,Balu & Iyengar,William Fremd BI,,
William Fremd,IL/US,Dandekar & Iyengar,William Fremd DI,,
William Fremd,IL/US,Patel & Mallavajjala,William Fremd PM,,
William Fremd,IL/US,Soni & Karanjkar,William Fremd SK,,